INSERT INTO FUNCIONARIO (cpf, nome, dataContratacao) VALUES 
("15249340628", "Paulo Richard Vieira Fonseca Rosa", "03/02/2015"),
("11365492770", "Thiago Oliveira Silva Martins", "20/06/2008"),
("44702515691", "Willer Bartho Vieira", "10/05/2020"),
("53467965687", "Sérgio Leonardo Teixeira", "21/06/2008"),
("60586941320", "Abner Silva Sarrazin", "02/11/2008"),
("07671368458", "Cleiton Alves Feitosa", "12/06/2008"),
("07673414490", "Gustavo Pereira dos Santos", "30/07/2008"),
("09099983450", "Leandro José Paulo da Silva", "23/02/2016"),
("07526066462", "Carlos André de Holanda Florêncio e Silva", "28/06/2008"),
("02314423437", "Alcione Monteiro Lucas Germino", "19/11/2011"),
("05650090602", "Valquiria Fernandes dos Santos Palmeira", "20/06/2008"), ("06601775606", "Marta Siqueira Neves", "13/09/2012"),
("08594743645", "Luciana Cardoso Gonçalves", "20/02/2012"),
("00199828601", "Claudia Moreira Santos", "22/06/2008"),
("02572188589", "Kátia Borges Alecrim", "22/06/2008"),
("45062727812", "Amanda Beatriz Ponpeo", "07/10/2010"),
("05842364417", "Karine Maria Gonçalves Cortez", "25/04/2021"),
("09590535496", "Maria Nainam Silvino Araújo dos Santos", "17/08/2011"),
("06075815490", "Jullieny Melo de Oliveira", "12/12/2012"),
("03406454402", "Carolina Caraciolo de Souza", "21/04/2022");


INSERT INTO FUNCIONARIO_PERSONAL (cpfPersonal, telefone, diploma, planoContratacao) VALUES

("15249340628", "44984362872", "Bacharelado em Educação Física",
"Pelo presente instrumento particular de PRESTAÇÃO DE SERVIÇOS, Paulo Richard Vieira Fonseca Rosa, brasileiro, residente e domiciliado em Campo Mourão, portador do CPF 152.493.406-28, aqui denominado CONTRATADO, pactua o presente contrato de Prestação de Serviços em conformidade das cláusulas seguintes:
PRIMEIRA - Sendo o CONTRATADO, Bacharel ou Licenciado em Educação Física atuando na Área de PERSONAL TRAINING, o contrato tem por objetivo a prestação de serviços de treinamento para a academia, dentro das individualidades de cada cliente, resultado da avaliação física elaborada pelo CONTRATADO.
SEGUNDA - O prazo do presente CONTRATO é de no mínimo 03 (três) meses, iniciando-se a partir da assinatura do mesmo. Podendo ser renovado por igual período ou superior na quinzena que antecede o seu término.
TERCEIRA - Os programas de treinamento serão desenvolvidos nas dependências desta academia. As aulas serão ministradas com tempo mínimo de 60 (sessenta minutos) de forma individual para cada cliente.
QUARTA -  O salário do CONTRATADO será dois salários mínimos no valor adotado pelo piso nacional, com reajustes da inflação anual, mais o percentual da quantidade de clientes atendidos mensalmente pelo CONTRATADO.
E por assim ter contratado, lavra e assina o presente instrumento em duas vias de igual teor e forma."),

("11365492770", "44998781248", "Bacharelado em Educação Física",
"Pelo presente instrumento particular de PRESTAÇÃO DE SERVIÇOS, Thiago Oliveira Silva Martins, brasileiro, residente e domiciliado em Campo Mourão, portador do CPF 113.654.927-70, aqui denominado CONTRATADO, pactua o presente contrato de Prestação de Serviços em conformidade das cláusulas seguintes:
PRIMEIRA - Sendo o CONTRATADO, Bacharel ou Licenciado em Educação Física atuando na Área de PERSONAL TRAINING, o contrato tem por objetivo a prestação de serviços de treinamento para a academia, dentro das individualidades de cada cliente, resultado da avaliação física elaborada pelo CONTRATADO.
SEGUNDA - O prazo do presente CONTRATO é de no mínimo 03 (três) meses, iniciando-se a partir da assinatura do mesmo. Podendo ser renovado por igual período ou superior na quinzena que antecede o seu término.
TERCEIRA - Os programas de treinamento serão desenvolvidos nas dependências desta academia. As aulas serão ministradas com tempo mínimo de 60 (sessenta minutos) de forma individual para cada cliente.
QUARTA - O salário do CONTRATADO será dois salários mínimos no valor adotado pelo piso nacional, com reajustes da inflação anual, mais o percentual da quantidade de clientes atendidos mensalmente pelo CONTRATADO.
E por assim ter contratado, lavra e assina o presente instrumento em duas vias de igual teor e forma."),

("44702515691", "44987653936", "Bacharelado em Educação Física",
"Pelo presente instrumento particular de PRESTAÇÃO DE SERVIÇOS, Willer Bartho Vieira, brasileiro, residente e domiciliado em Campo Mourão, portador do CPF 447.025.156-91, aqui denominado CONTRATADO, pactua o presente contrato de Prestação de Serviços em conformidade das cláusulas seguintes:
PRIMEIRA - Sendo o CONTRATADO, Bacharel ou Licenciado em Educação Física atuando na Área de PERSONAL TRAINING, o contrato tem por objetivo a prestação de serviços de treinamento para a academia, dentro das individualidades de cada cliente, resultado da avaliação física elaborada pelo CONTRATADO.
SEGUNDA - O prazo do presente CONTRATO é de no mínimo 03 (três) meses, iniciando-se a partir da assinatura do mesmo. Podendo ser renovado por igual período ou superior na quinzena que antecede o seu término.
TERCEIRA - Os programas de treinamento serão desenvolvidos nas dependências desta academia. As aulas serão ministradas com tempo mínimo de 60 (sessenta minutos) de forma individual para cada cliente.
QUARTA - O salário do CONTRATADO será dois salários mínimos no valor adotado pelo piso nacional, com reajustes da inflação anual, mais o percentual da quantidade de clientes atendidos mensalmente pelo CONTRATADO.
E por assim ter contratado, lavra e assina o presente instrumento em duas vias de igual teor e forma."),

("53467965687", "43991780602", "Bacharelado em Educação Física",
"Pelo presente instrumento particular de PRESTAÇÃO DE SERVIÇOS, Sérgio Leonardo Teixeira, brasileiro, residente e domiciliado em Campo Mourão, portador do CPF 534.679.656-87, aqui denominado CONTRATADO, pactua o presente contrato de Prestação de Serviços em conformidade das cláusulas seguintes:
PRIMEIRA - Sendo o CONTRATADO, Bacharel ou Licenciado em Educação Física atuando na Área de PERSONAL TRAINING, o contrato tem por objetivo a prestação de serviços de treinamento para a academia, dentro das individualidades de cada cliente, resultado da avaliação física elaborada pelo CONTRATADO.
SEGUNDA - O prazo do presente CONTRATO é de no mínimo 03 (três) meses, iniciando-se a partir da assinatura do mesmo. Podendo ser renovado por igual período ou superior na quinzena que antecede o seu término.
TERCEIRA - Os programas de treinamento serão desenvolvidos nas dependências desta academia. As aulas serão ministradas com tempo mínimo de 60 (sessenta minutos) de forma individual para cada cliente.
QUARTA - O salário do CONTRATADO será dois salários mínimos no valor adotado pelo piso nacional, com reajustes da inflação anual, mais o percentual da quantidade de clientes atendidos mensalmente pelo CONTRATADO.
E por assim ter contratado, lavra e assina o presente instrumento em duas vias de igual teor e forma."),

("60586941320", "44992475689", "Bacharelado em Educação Física",
"Pelo presente instrumento particular de PRESTAÇÃO DE SERVIÇOS, Abner Silva Sarrazin, residente e domiciliado em Campo Mourão, portador do CPF 605-869-413-20, aqui denominado CONTRATADO, pactua o presente contrato de Prestação de Serviços em conformidade das cláusulas seguintes:
PRIMEIRA - Sendo o CONTRATADO, Bacharel ou Licenciado em Educação Física atuando na Área de PERSONAL TRAINING, o contrato tem por objetivo a prestação de serviços de treinamento para a academia, dentro das individualidades de cada cliente, resultado da avaliação física elaborada pelo CONTRATADO.
SEGUNDA - O prazo do presente CONTRATO é de no mínimo 03 (três) meses, iniciando-se a partir da assinatura do mesmo. Podendo ser renovado por igual período ou superior na quinzena que antecede o seu término.
TERCEIRA - Os programas de treinamento serão desenvolvidos nas dependências desta academia. As aulas serão ministradas com tempo mínimo de 60 (sessenta minutos) de forma individual para cada cliente.
QUARTA - O salário do CONTRATADO será dois salários mínimos no valor adotado pelo piso nacional, com reajustes da inflação anual, mais o percentual da quantidade de clientes atendidos mensalmente pelo CONTRATADO.
E por assim ter contratado, lavra e assina o presente instrumento em duas vias de igual teor e forma."),

("07671368458", "42981245478", "Bacharelado em Educação Física",
"Pelo presente instrumento particular de PRESTAÇÃO DE SERVIÇOS, Cleiton Alves Feitosa, brasileiro, residente e domiciliado em Campo Mourão, portador do CPF 076.713.684-58, aqui denominado CONTRATADO, pactua o presente contrato de Prestação de Serviços em conformidade das cláusulas seguintes:
PRIMEIRA - Sendo o CONTRATADO, Bacharel ou Licenciado em Educação Física atuando na Área de PERSONAL TRAINING, o contrato tem por objetivo a prestação de serviços de treinamento para a academia, dentro das individualidades de cada cliente, resultado da avaliação física elaborada pelo CONTRATADO.
SEGUNDA - O prazo do presente CONTRATO é de no mínimo 03 (três) meses, iniciando-se a partir da assinatura do mesmo. Podendo ser renovado por igual período ou superior na quinzena que antecede o seu término.
TERCEIRA - Os programas de treinamento serão desenvolvidos nas dependências desta academia. As aulas serão ministradas com tempo mínimo de 60 (sessenta minutos) de forma individual para cada cliente.
QUARTA - O salário do CONTRATADO será dois salários mínimos no valor adotado pelo piso nacional, com reajustes da inflação anual, mais o percentual da quantidade de clientes atendidos mensalmente pelo CONTRATADO.
E por assim ter contratado, lavra e assina o presente instrumento em duas vias de igual teor e forma."),

("07673414490", "44994627677", "Bacharelado em Educação Física",
"Pelo presente instrumento particular de PRESTAÇÃO DE SERVIÇOS, Gustavo Pereira dos Santos, brasileiro, residente e domiciliado em Campo Mourão, portador do CPF 076.734.144-90, aqui denominado CONTRATADO, pactua o presente contrato de Prestação de Serviços em conformidade das cláusulas seguintes:
PRIMEIRA - Sendo o CONTRATADO, Bacharel ou Licenciado em Educação Física atuando na Área de PERSONAL TRAINING, o contrato tem por objetivo a prestação de serviços de treinamento para a academia, dentro das individualidades de cada cliente, resultado da avaliação física elaborada pelo CONTRATADO.
SEGUNDA - O prazo do presente CONTRATO é de no mínimo 03 (três) meses, iniciando-se a partir da assinatura do mesmo. Podendo ser renovado por igual período ou superior na quinzena que antecede o seu término.
TERCEIRA - Os programas de treinamento serão desenvolvidos nas dependências desta academia. As aulas serão ministradas com tempo mínimo de 60 (sessenta minutos) de forma individual para cada cliente.
QUARTA - O salário do CONTRATADO será dois salários mínimos no valor adotado pelo piso nacional, com reajustes da inflação anual, mais o percentual da quantidade de clientes atendidos mensalmente pelo CONTRATADO.
E por assim ter contratado, lavra e assina o presente instrumento em duas vias de igual teor e forma."),

("09099983450", "46967656192", "Bacharelado em Educação Física",
"Pelo presente instrumento particular de PRESTAÇÃO DE SERVIÇOS, Leandro José Paulo da Silva, brasileiro, residente e domiciliado em Campo Mourão, portador do CPF 090.999.834-50, aqui denominado CONTRATADO, pactua o presente contrato de Prestação de Serviços em conformidade das cláusulas seguintes:
PRIMEIRA - Sendo o CONTRATADO, Bacharel ou Licenciado em Educação Física atuando na Área de PERSONAL TRAINING, o contrato tem por objetivo a prestação de serviços de treinamento para a academia, dentro das individualidades de cada cliente, resultado da avaliação física elaborada pelo CONTRATADO.
SEGUNDA - O prazo do presente CONTRATO é de no mínimo 03 (três) meses, iniciando-se a partir da assinatura do mesmo. Podendo ser renovado por igual período ou superior na quinzena que antecede o seu término.
TERCEIRA - Os programas de treinamento serão desenvolvidos nas dependências desta academia. As aulas serão ministradas com tempo mínimo de 60 (sessenta minutos) de forma individual para cada cliente.
QUARTA - O salário do CONTRATADO será dois salários mínimos no valor adotado pelo piso nacional, com reajustes da inflação anual, mais o percentual da quantidade de clientes atendidos mensalmente pelo CONTRATADO.
E por assim ter contratado, lavra e assina o presente instrumento em duas vias de igual teor e forma."),

("07526066462", "44983779856", "Bacharelado em Educação Física",
"Pelo presente instrumento particular de PRESTAÇÃO DE SERVIÇOS, Carlos André de Holanda Florêncio e Silva, brasileiro, residente e domiciliado em Campo Mourão, portador do CPF 075.260.664-62, aqui denominado CONTRATADO, pactua o presente contrato de Prestação de Serviços em conformidade das cláusulas seguintes:
PRIMEIRA - Sendo o CONTRATADO, Bacharel ou Licenciado em Educação Física atuando na Área de PERSONAL TRAINING, o contrato tem por objetivo a prestação de serviços de treinamento para a academia, dentro das individualidades de cada cliente, resultado da avaliação física elaborada pelo CONTRATADO.
SEGUNDA - O prazo do presente CONTRATO é de no mínimo 03 (três) meses, iniciando-se a partir da assinatura do mesmo. Podendo ser renovado por igual período ou superior na quinzena que antecede o seu término.
TERCEIRA - Os programas de treinamento serão desenvolvidos nas dependências desta academia. As aulas serão ministradas com tempo mínimo de 60 (sessenta minutos) de forma individual para cada cliente.
QUARTA - O salário do CONTRATADO será dois salários mínimos no valor adotado pelo piso nacional, com reajustes da inflação anual, mais o percentual da quantidade de clientes atendidos mensalmente pelo CONTRATADO.
E por assim ter contratado, lavra e assina o presente instrumento em duas vias de igual teor e forma."),

("02314423437", "44983779856", "Bacharelado em Educação Física",
"Pelo presente instrumento particular de PRESTAÇÃO DE SERVIÇOS, Alcione Monteiro Lucas Germino, brasileiro, residente e domiciliado em Campo Mourão, portador do CPF 023.144.234-37, aqui denominado CONTRATADO, pactua o presente contrato de Prestação de Serviços em conformidade das cláusulas seguintes:
PRIMEIRA - Sendo o CONTRATADO, Bacharel ou Licenciado em Educação Física atuando na Área de PERSONAL TRAINING, o contrato tem por objetivo a prestação de serviços de treinamento para a academia, dentro das individualidades de cada cliente, resultado da avaliação física elaborada pelo CONTRATADO.
SEGUNDA - O prazo do presente CONTRATO é de no mínimo 03 (três) meses, iniciando-se a partir da assinatura do mesmo. Podendo ser renovado por igual período ou superior na quinzena que antecede o seu término.
TERCEIRA - Os programas de treinamento serão desenvolvidos nas dependências desta academia. As aulas serão ministradas com tempo mínimo de 60 (sessenta minutos) de forma individual para cada cliente.
QUARTA - O salário do CONTRATADO será dois salários mínimos no valor adotado pelo piso nacional, com reajustes da inflação anual, mais o percentual da quantidade de clientes atendidos mensalmente pelo CONTRATADO.
E por assim ter contratado, lavra e assina o presente instrumento em duas vias de igual teor e forma.");

INSERT INTO FUNCIONARIO_SECRETARIA (cpfSecretaria, email, salario, capacitacao) VALUES 
("05650090602", "valquiriafpalmeira@gmail.com", 2100.00, "Graduação em Administração"),
("06601775606", "lcgonçalvesmarta.neves@yahoo.com.br", 2100.00, "Graduação em Administração"),
("08594743645", "lcgonçalves@yahoo.com.br", 2100.00, "Graduação em Administração"),
("00199828601", "claudia.santos@gmail.com", 2100.00, "Graduação em Administração"),
("02572188589", "katiabalecrim@gmail.com", 2100.00, "Graduação em Administração"),
("45062727812", "amanda.ponpeo@gmail.com", 2100.00, "Graduação em Administração"),
("05842364417", "karinecortez@hotmail.com", 2100.00, "Graduação em Administração"),
("09590535496", "marian.santos@outlook.com", 2500.00, "Especialização em Administração"),
("06075815490", "jullienyoliveira@hotmail.com", 2100.00, "Graduação em Administração"),
("03406454402", "cacazouza@gmail.com", 2100.00, "Graduação em Administração");
