INSERT INTO FUNCIONARIO (cpf, nome, dataContratacao) VALUES 
("15249340628", "Paulo Richard Vieira Fonseca Rosa", "03/02/2015"),
("11365492770", "Thiago Oliveira Silva Martins", "20/06/2008"),
("44702515691", "Willer Bartho Vieira", "10/05/2020"),
("53467965687", "Sérgio Leonardo Teixeira", "21/06/2008"),
("60586941320", "Abner Silva Sarrazin", "02/11/2008"),
("07671368458", "Cleiton Alves Feitosa", "12/06/2008"),
("07673414490", "Gustavo Pereira dos Santos", "30/07/2008"),
("09099983450", "Leandro José Paulo da Silva", "23/02/2016"),
("07526066462", "Carlos André de Holanda Florêncio e Silva", "28/06/2008"),
("02314423437", "Alcione Monteiro Lucas Germino", "19/11/2011"),
("05650090602", "Valquiria Fernandes dos Santos Palmeira", "20/06/2008"), ("06601775606", "Marta Siqueira Neves", "13/09/2012"),
("08594743645", "Luciana Cardoso Gonçalves", "20/02/2012"),
("00199828601", "Claudia Moreira Santos", "22/06/2008"),
("02572188589", "Kátia Borges Alecrim", "22/06/2008"),
("45062727812", "Amanda Beatriz Ponpeo", "07/10/2010"),
("05842364417", "Karine Maria Gonçalves Cortez", "25/04/2021"),
("09590535496", "Maria Nainam Silvino Araújo dos Santos", "17/08/2011"),
("06075815490", "Jullieny Melo de Oliveira", "12/12/2012"),
("03406454402", "Carolina Caraciolo de Souza", "21/04/2022");


INSERT INTO FUNCIONARIO_PERSONAL (cpfPersonal, telefone, diploma, planoContratacao) VALUES

("15249340628", "44984362872", "Bacharelado em Educação Física",
"Pelo presente instrumento particular de PRESTAÇÃO DE SERVIÇOS, Paulo Richard Vieira Fonseca Rosa, brasileiro, residente e domiciliado em Campo Mourão, portador do CPF 152.493.406-28, aqui denominado CONTRATADO, pactua o presente contrato de Prestação de Serviços em conformidade das cláusulas seguintes:
PRIMEIRA - Sendo o CONTRATADO, Bacharel ou Licenciado em Educação Física atuando na Área de PERSONAL TRAINING, o contrato tem por objetivo a prestação de serviços de treinamento para a academia, dentro das individualidades de cada cliente, resultado da avaliação física elaborada pelo CONTRATADO.
SEGUNDA - O prazo do presente CONTRATO é de no mínimo 03 (três) meses, iniciando-se a partir da assinatura do mesmo. Podendo ser renovado por igual período ou superior na quinzena que antecede o seu término.
TERCEIRA - Os programas de treinamento serão desenvolvidos nas dependências desta academia. As aulas serão ministradas com tempo mínimo de 60 (sessenta minutos) de forma individual para cada cliente.
QUARTA -  O salário do CONTRATADO será dois salários mínimos no valor adotado pelo piso nacional, com reajustes da inflação anual, mais o percentual da quantidade de clientes atendidos mensalmente pelo CONTRATADO.
E por assim ter contratado, lavra e assina o presente instrumento em duas vias de igual teor e forma."),

("11365492770", "44998781248", "Bacharelado em Educação Física",
"Pelo presente instrumento particular de PRESTAÇÃO DE SERVIÇOS, Thiago Oliveira Silva Martins, brasileiro, residente e domiciliado em Campo Mourão, portador do CPF 113.654.927-70, aqui denominado CONTRATADO, pactua o presente contrato de Prestação de Serviços em conformidade das cláusulas seguintes:
PRIMEIRA - Sendo o CONTRATADO, Bacharel ou Licenciado em Educação Física atuando na Área de PERSONAL TRAINING, o contrato tem por objetivo a prestação de serviços de treinamento para a academia, dentro das individualidades de cada cliente, resultado da avaliação física elaborada pelo CONTRATADO.
SEGUNDA - O prazo do presente CONTRATO é de no mínimo 03 (três) meses, iniciando-se a partir da assinatura do mesmo. Podendo ser renovado por igual período ou superior na quinzena que antecede o seu término.
TERCEIRA - Os programas de treinamento serão desenvolvidos nas dependências desta academia. As aulas serão ministradas com tempo mínimo de 60 (sessenta minutos) de forma individual para cada cliente.
QUARTA - O salário do CONTRATADO será dois salários mínimos no valor adotado pelo piso nacional, com reajustes da inflação anual, mais o percentual da quantidade de clientes atendidos mensalmente pelo CONTRATADO.
E por assim ter contratado, lavra e assina o presente instrumento em duas vias de igual teor e forma."),

("44702515691", "44987653936", "Bacharelado em Educação Física",
"Pelo presente instrumento particular de PRESTAÇÃO DE SERVIÇOS, Willer Bartho Vieira, brasileiro, residente e domiciliado em Campo Mourão, portador do CPF 447.025.156-91, aqui denominado CONTRATADO, pactua o presente contrato de Prestação de Serviços em conformidade das cláusulas seguintes:
PRIMEIRA - Sendo o CONTRATADO, Bacharel ou Licenciado em Educação Física atuando na Área de PERSONAL TRAINING, o contrato tem por objetivo a prestação de serviços de treinamento para a academia, dentro das individualidades de cada cliente, resultado da avaliação física elaborada pelo CONTRATADO.
SEGUNDA - O prazo do presente CONTRATO é de no mínimo 03 (três) meses, iniciando-se a partir da assinatura do mesmo. Podendo ser renovado por igual período ou superior na quinzena que antecede o seu término.
TERCEIRA - Os programas de treinamento serão desenvolvidos nas dependências desta academia. As aulas serão ministradas com tempo mínimo de 60 (sessenta minutos) de forma individual para cada cliente.
QUARTA - O salário do CONTRATADO será dois salários mínimos no valor adotado pelo piso nacional, com reajustes da inflação anual, mais o percentual da quantidade de clientes atendidos mensalmente pelo CONTRATADO.
E por assim ter contratado, lavra e assina o presente instrumento em duas vias de igual teor e forma."),

("53467965687", "43991780602", "Bacharelado em Educação Física",
"Pelo presente instrumento particular de PRESTAÇÃO DE SERVIÇOS, Sérgio Leonardo Teixeira, brasileiro, residente e domiciliado em Campo Mourão, portador do CPF 534.679.656-87, aqui denominado CONTRATADO, pactua o presente contrato de Prestação de Serviços em conformidade das cláusulas seguintes:
PRIMEIRA - Sendo o CONTRATADO, Bacharel ou Licenciado em Educação Física atuando na Área de PERSONAL TRAINING, o contrato tem por objetivo a prestação de serviços de treinamento para a academia, dentro das individualidades de cada cliente, resultado da avaliação física elaborada pelo CONTRATADO.
SEGUNDA - O prazo do presente CONTRATO é de no mínimo 03 (três) meses, iniciando-se a partir da assinatura do mesmo. Podendo ser renovado por igual período ou superior na quinzena que antecede o seu término.
TERCEIRA - Os programas de treinamento serão desenvolvidos nas dependências desta academia. As aulas serão ministradas com tempo mínimo de 60 (sessenta minutos) de forma individual para cada cliente.
QUARTA - O salário do CONTRATADO será dois salários mínimos no valor adotado pelo piso nacional, com reajustes da inflação anual, mais o percentual da quantidade de clientes atendidos mensalmente pelo CONTRATADO.
E por assim ter contratado, lavra e assina o presente instrumento em duas vias de igual teor e forma."),

("60586941320", "44992475689", "Bacharelado em Educação Física",
"Pelo presente instrumento particular de PRESTAÇÃO DE SERVIÇOS, Abner Silva Sarrazin, residente e domiciliado em Campo Mourão, portador do CPF 605-869-413-20, aqui denominado CONTRATADO, pactua o presente contrato de Prestação de Serviços em conformidade das cláusulas seguintes:
PRIMEIRA - Sendo o CONTRATADO, Bacharel ou Licenciado em Educação Física atuando na Área de PERSONAL TRAINING, o contrato tem por objetivo a prestação de serviços de treinamento para a academia, dentro das individualidades de cada cliente, resultado da avaliação física elaborada pelo CONTRATADO.
SEGUNDA - O prazo do presente CONTRATO é de no mínimo 03 (três) meses, iniciando-se a partir da assinatura do mesmo. Podendo ser renovado por igual período ou superior na quinzena que antecede o seu término.
TERCEIRA - Os programas de treinamento serão desenvolvidos nas dependências desta academia. As aulas serão ministradas com tempo mínimo de 60 (sessenta minutos) de forma individual para cada cliente.
QUARTA - O salário do CONTRATADO será dois salários mínimos no valor adotado pelo piso nacional, com reajustes da inflação anual, mais o percentual da quantidade de clientes atendidos mensalmente pelo CONTRATADO.
E por assim ter contratado, lavra e assina o presente instrumento em duas vias de igual teor e forma."),

("07671368458", "42981245478", "Bacharelado em Educação Física",
"Pelo presente instrumento particular de PRESTAÇÃO DE SERVIÇOS, Cleiton Alves Feitosa, brasileiro, residente e domiciliado em Campo Mourão, portador do CPF 076.713.684-58, aqui denominado CONTRATADO, pactua o presente contrato de Prestação de Serviços em conformidade das cláusulas seguintes:
PRIMEIRA - Sendo o CONTRATADO, Bacharel ou Licenciado em Educação Física atuando na Área de PERSONAL TRAINING, o contrato tem por objetivo a prestação de serviços de treinamento para a academia, dentro das individualidades de cada cliente, resultado da avaliação física elaborada pelo CONTRATADO.
SEGUNDA - O prazo do presente CONTRATO é de no mínimo 03 (três) meses, iniciando-se a partir da assinatura do mesmo. Podendo ser renovado por igual período ou superior na quinzena que antecede o seu término.
TERCEIRA - Os programas de treinamento serão desenvolvidos nas dependências desta academia. As aulas serão ministradas com tempo mínimo de 60 (sessenta minutos) de forma individual para cada cliente.
QUARTA - O salário do CONTRATADO será dois salários mínimos no valor adotado pelo piso nacional, com reajustes da inflação anual, mais o percentual da quantidade de clientes atendidos mensalmente pelo CONTRATADO.
E por assim ter contratado, lavra e assina o presente instrumento em duas vias de igual teor e forma."),

("07673414490", "44994627677", "Bacharelado em Educação Física",
"Pelo presente instrumento particular de PRESTAÇÃO DE SERVIÇOS, Gustavo Pereira dos Santos, brasileiro, residente e domiciliado em Campo Mourão, portador do CPF 076.734.144-90, aqui denominado CONTRATADO, pactua o presente contrato de Prestação de Serviços em conformidade das cláusulas seguintes:
PRIMEIRA - Sendo o CONTRATADO, Bacharel ou Licenciado em Educação Física atuando na Área de PERSONAL TRAINING, o contrato tem por objetivo a prestação de serviços de treinamento para a academia, dentro das individualidades de cada cliente, resultado da avaliação física elaborada pelo CONTRATADO.
SEGUNDA - O prazo do presente CONTRATO é de no mínimo 03 (três) meses, iniciando-se a partir da assinatura do mesmo. Podendo ser renovado por igual período ou superior na quinzena que antecede o seu término.
TERCEIRA - Os programas de treinamento serão desenvolvidos nas dependências desta academia. As aulas serão ministradas com tempo mínimo de 60 (sessenta minutos) de forma individual para cada cliente.
QUARTA - O salário do CONTRATADO será dois salários mínimos no valor adotado pelo piso nacional, com reajustes da inflação anual, mais o percentual da quantidade de clientes atendidos mensalmente pelo CONTRATADO.
E por assim ter contratado, lavra e assina o presente instrumento em duas vias de igual teor e forma."),

("09099983450", "46967656192", "Bacharelado em Educação Física",
"Pelo presente instrumento particular de PRESTAÇÃO DE SERVIÇOS, Leandro José Paulo da Silva, brasileiro, residente e domiciliado em Campo Mourão, portador do CPF 090.999.834-50, aqui denominado CONTRATADO, pactua o presente contrato de Prestação de Serviços em conformidade das cláusulas seguintes:
PRIMEIRA - Sendo o CONTRATADO, Bacharel ou Licenciado em Educação Física atuando na Área de PERSONAL TRAINING, o contrato tem por objetivo a prestação de serviços de treinamento para a academia, dentro das individualidades de cada cliente, resultado da avaliação física elaborada pelo CONTRATADO.
SEGUNDA - O prazo do presente CONTRATO é de no mínimo 03 (três) meses, iniciando-se a partir da assinatura do mesmo. Podendo ser renovado por igual período ou superior na quinzena que antecede o seu término.
TERCEIRA - Os programas de treinamento serão desenvolvidos nas dependências desta academia. As aulas serão ministradas com tempo mínimo de 60 (sessenta minutos) de forma individual para cada cliente.
QUARTA - O salário do CONTRATADO será dois salários mínimos no valor adotado pelo piso nacional, com reajustes da inflação anual, mais o percentual da quantidade de clientes atendidos mensalmente pelo CONTRATADO.
E por assim ter contratado, lavra e assina o presente instrumento em duas vias de igual teor e forma."),

("07526066462", "44983779856", "Bacharelado em Educação Física",
"Pelo presente instrumento particular de PRESTAÇÃO DE SERVIÇOS, Carlos André de Holanda Florêncio e Silva, brasileiro, residente e domiciliado em Campo Mourão, portador do CPF 075.260.664-62, aqui denominado CONTRATADO, pactua o presente contrato de Prestação de Serviços em conformidade das cláusulas seguintes:
PRIMEIRA - Sendo o CONTRATADO, Bacharel ou Licenciado em Educação Física atuando na Área de PERSONAL TRAINING, o contrato tem por objetivo a prestação de serviços de treinamento para a academia, dentro das individualidades de cada cliente, resultado da avaliação física elaborada pelo CONTRATADO.
SEGUNDA - O prazo do presente CONTRATO é de no mínimo 03 (três) meses, iniciando-se a partir da assinatura do mesmo. Podendo ser renovado por igual período ou superior na quinzena que antecede o seu término.
TERCEIRA - Os programas de treinamento serão desenvolvidos nas dependências desta academia. As aulas serão ministradas com tempo mínimo de 60 (sessenta minutos) de forma individual para cada cliente.
QUARTA - O salário do CONTRATADO será dois salários mínimos no valor adotado pelo piso nacional, com reajustes da inflação anual, mais o percentual da quantidade de clientes atendidos mensalmente pelo CONTRATADO.
E por assim ter contratado, lavra e assina o presente instrumento em duas vias de igual teor e forma."),

("02314423437", "44983779856", "Bacharelado em Educação Física",
"Pelo presente instrumento particular de PRESTAÇÃO DE SERVIÇOS, Alcione Monteiro Lucas Germino, brasileiro, residente e domiciliado em Campo Mourão, portador do CPF 023.144.234-37, aqui denominado CONTRATADO, pactua o presente contrato de Prestação de Serviços em conformidade das cláusulas seguintes:
PRIMEIRA - Sendo o CONTRATADO, Bacharel ou Licenciado em Educação Física atuando na Área de PERSONAL TRAINING, o contrato tem por objetivo a prestação de serviços de treinamento para a academia, dentro das individualidades de cada cliente, resultado da avaliação física elaborada pelo CONTRATADO.
SEGUNDA - O prazo do presente CONTRATO é de no mínimo 03 (três) meses, iniciando-se a partir da assinatura do mesmo. Podendo ser renovado por igual período ou superior na quinzena que antecede o seu término.
TERCEIRA - Os programas de treinamento serão desenvolvidos nas dependências desta academia. As aulas serão ministradas com tempo mínimo de 60 (sessenta minutos) de forma individual para cada cliente.
QUARTA - O salário do CONTRATADO será dois salários mínimos no valor adotado pelo piso nacional, com reajustes da inflação anual, mais o percentual da quantidade de clientes atendidos mensalmente pelo CONTRATADO.
E por assim ter contratado, lavra e assina o presente instrumento em duas vias de igual teor e forma.");

INSERT INTO FUNCIONARIO_SECRETARIA (cpfSecretaria, email, salario, capacitacao) VALUES 
("05650090602", "valquiriafpalmeira@gmail.com", 2100.00, "Graduação em Administração"),
("06601775606", "lcgonçalvesmarta.neves@yahoo.com.br", 2100.00, "Graduação em Administração"),
("08594743645", "lcgonçalves@yahoo.com.br", 2100.00, "Graduação em Administração"),
("00199828601", "claudia.santos@gmail.com", 2100.00, "Graduação em Administração"),
("02572188589", "katiabalecrim@gmail.com", 2100.00, "Graduação em Administração"),
("45062727812", "amanda.ponpeo@gmail.com", 2100.00, "Graduação em Administração"),
("05842364417", "karinecortez@hotmail.com", 2100.00, "Graduação em Administração"),
("09590535496", "marian.santos@outlook.com", 2500.00, "Especialização em Administração"),
("06075815490", "jullienyoliveira@hotmail.com", 2100.00, "Graduação em Administração"),
("03406454402", "cacazouza@gmail.com", 2100.00, "Graduação em Administração");

INSERT INTO CLIENTE (cpf, nome, telefone) VALUES
("68472175103", "Brenda Cunha Gonçalves", "44997605234"),
("20059093358", "Diego Franzon Quallio", "44991602726"),
("37665482473", "Isabelle Dias Pinheiro Santos", "44996335527"),
("99242410292", "Lucas Carvalho de Souza", "44998488393"),
("95764243130", "Eduarda Barbosa Ronit", "44997605234"),
("94147849342", "Cauã Correia Marinho", "44982733362"),
("86931895141", "Kai Cavalcanti Marcondes", "44988588609"),
("19679640418", "Beatriz Piovanni", "44990113284"),
("67232651732", "Renan Aoki Koshita", "459857133590"),
("30243864671", "Emi Kussano de Oliveira", "44985252832");

INSERT INTO ENDERECO  (cep, rua, logradouro, complemento, cpfCliente) VALUES 
(87301060, "Pitanga", "Centro, 425", "Apto 05", "68472175103"),
(87300005, "", "Avenida Capitão Índio Bandeira, 1400", "4 andar", "20059093358"),
(87302190, "Prefeito Devete de P. Xavier", "Centro, 1018", "", "37665482473"),
(87301255, "Roberto Brzezinski", "Centro, 395", "Casa", "99242410292"),
(87301190, "Eugênio Zalevski", "Jardim Capricórnio, 303", "Casa", "95764243130"),
(87302210, "Aruana", "Centro, 979", "", "94147849342"),
(87300380, "Harrison José Borges", "Centro, 511", "Casa", "86931895141"),
(87302060, "", "Avenida Goioerê, 1060", "Apto 01", "19679640418"),
(87302150, "Pitanga", "Centro, 806", "Casa", "67232651732"),
(87302060, "", "Av. Comendador Norberto Marcondes, 613", "Casa", "30243864671");

INSERT INTO AVALIACAO_FISICA (cod, data, descricao, cpfPersonal, cpfCliente) VALUES
(1, "03/03/2022",  "Peso: 45kg; Altura: 1,58m; Cintura: 66cm; Quadril: 92cm; IMC: 18.03 - Magreza; Doenças: Não há.",  "15249340628",  "68472175103"),
(2, "24/11/2021",  "Peso: 85kg; Altura: 1,75m; Cintura: 100cm; Quadril: 104cm; IMC: 27.76 - Sobrepeso; Doenças: Não há.",  "11365492770",  "20059093358"),
(3, "15/12/2021",  "Peso: 53kg; Altura: 1,68m; Cintura: 69cm; Quadril: 95cm; IMC: 18.78 - Normal; Doenças: Não há.",  "44702515691",  "37665482473"),
(4, "05/11/2021",  "Peso: 110kg; Altura: 1,70m; Cintura: 108cm; Quadril: 112cm; IMC: 38.06 - Obesidade; Doenças: Diabetes e Pressão alta.",  "53467965687",  "99242410292"),
(5, "10/03/2022",  "Peso: 43kg; Altura: 1,50m; Cintura: 62cm; Quadril: 78cm; IMC: 19.11 - Normal; Doenças: Não há.",  "60586941320",  "95764243130"),
(6, "22/02/2022", "Peso: 70kg; Altura: 1,80m; Cintura: 89cm; Quadril: 92cm; IMC: 21.06 - Normal; Doenças: Não há.",  "07671368458",  "94147849342"),
(7, "01/12/2021",  "Peso: 120kg; Altura: 1,90m; Cintura: 100cm; Quadril: 110cm; IMC: 33.24 - Obesidade; Doenças: Pressão alta.",  "07673414490",  "86931895141"),
(8, "14/02/2022",  "Peso: 55kg; Altura: 1,78m; Cintura: 63cm; Quadril: 80cm; IMC: 18.36 - Magreza; Doenças: Não há.",  "09099983450",  "19679640418"),
(9, "28/05/2022",  "Peso: 58kg; Altura: 1,61m; Cintura: 70cm; Quadril: 75cm; IMC: 25.44 - Sobrepeso; Doenças: Não há.", "07526066462", "67232651732"),
(10, "03/03/2022",  "Peso: 90kg; Altura: 1,81m; Cintura: 80cm; Quadril: 110cm; IMC: 27.47 - Sobrepeso; Doenças: Pré-diabetes.",  "02314423437",  "30243864671");

INSERT INTO FLUXO_CAIXA (id, dataEntrada, tipoEntrada, valor, cpfSecretaria) VALUES 
(1, "01/06/2022", "Mensalidade do plano de treino", 100, "05650090602"),
(2, "01/05/2022", "Mensalidade do plano de treino", 100, "06601775606"),
(3, "01/04/2022", "Mensalidade do plano de treino", 100, "08594743645"),
(4, "01/03/2022", "Mensalidade do plano de treino", 100, "00199828601"),
(5, "01/02/2022", "Mensalidade do plano de treino", 100, "02572188589"),
(6, "01/01/2022", "Mensalidade do plano de treino", 100, "45062727812"),
(7, "01/12/2021", "Mensalidade do plano de treino", 100, "05842364417"),
(8, "01/11/2021", "Mensalidade do plano de treino", 100, "09590535496"),
(9, "01/10/2021", "Mensalidade do plano de treino", 100, "06075815490"),
(10, "01/09/2021", "Mensalidade do plano de treino", 100, "03406454402");

INSERT INTO MENSALIDADE (cod, valor, descricao, idFluxoCaixa) VALUES
(0622, 100, "Mensalidade referente 06/22", 1),
(0522, 100, "Mensalidade referente 05/22", 2),
(0422, 100, "Mensalidade referente 04/22", 3),
(0322, 100, "Mensalidade referente 03/22", 4),
(0222, 100, "Mensalidade referente 02/22", 5),
(0122, 100, "Mensalidade referente 01/22", 6),
(1221, 100, "Mensalidade referente 12/21", 7),
(1121, 100, "Mensalidade referente 11/21", 8),
(1021, 100, "Mensalidade referente 10/21", 9),
(0921, 100, "Mensalidade referente 09/21", 10);

INSERT INTO PLANO_TREINO (cod, dataIni, dataFim, descricao, cpfCliente, cpfPersonal, codMensalidade) VALUES
(1, "10/06/2022", "10/07/2022", "Treino A: Pernas (segundas e quintas-feiras). Treino B: Empurrar (terças e sextas-feiras). Treino C: Puxar (quartas-feiras e sábados)", "68472175103", "15249340628", 0622),
(2, "10/05/2022", "10/06/2022", "Treino A: Pernas (segundas e quintas-feiras).", "20059093358", "11365492770", 0522),
(3, "10/04/2022", "10/05/2022", "Treino A: Pernas (segundas e quintas-feiras). Treino B: Puxar (quartas-feiras e sábados)", "37665482473", "44702515691", 0422),
(4, "10/03/2022", "10/04/2022", "Treino A: Empurrar (terças e sextas-feiras). Treino B: Puxar 
(quartas-feiras e sábados)", "99242410292", "53467965687", 0322),
(5, "10/02/2022", "10/03/2022", "Treino A: Pernas (segundas e quintas-feiras). Treino B: Empurrar (terças e sextas-feiras). Treino C: Puxar (quartas-feiras e sábados)", "95764243130", "60586941320", 0222),
(6, "10/01/2022", "10/02/2022", "Treino A: Pernas (segundas e quintas-feiras).", "94147849342", "07671368458", 0122),
(7, "10/12/2021", "10/01/2022", "Treino A: Puxar (quartas-feiras e sábados)", "86931895141", "07673414490", 1221),
(8, "10/11/2021", "10/12/2021", "Treino A: Empurrar (terças e sextas-feiras).", "19679640418", "09099983450", 1121),
(9, "10/10/2021", "10/11/2021", "Treino A: Pernas (segundas e quintas-feiras). Treino B: Puxar (quartas-feiras e sábados)", "67232651732", "07526066462", 1021),
(10, "10/09/2021", "10/10/2021", "Treino A:Puxar (quartas-feiras e sábados)", "30243864671", "02314423437", 0921);
